model,dl_tier,n,vulnerable,benign_from_popular_list,roc_auc,pr_auc
Logistic Regression,1,849,283,0,0.7927992608223352,0.6708467600587995
Logistic Regression,2,684,228,8,0.6762080640196984,0.5135776145641399
Logistic Regression,3,510,201,42,0.6947141316073355,0.5962597352779166
Logistic Regression,4,557,196,202,0.6675052292385099,0.5153703459482126
Logistic Regression,5,556,189,311,0.704381298386748,0.549394912655172
Logistic Regression,6,1206,402,803,0.7409036905027104,0.6120140939791534
Support Vector Machine,1,849,283,0,0.8662550412665908,0.8071606275649219
Support Vector Machine,2,684,228,8,0.7445896814404432,0.6024982259525228
Support Vector Machine,3,510,201,42,0.719855415479238,0.5999721163546972
Support Vector Machine,4,557,196,202,0.7088868788512636,0.5843409178776168
Support Vector Machine,5,556,189,311,0.7557487421247638,0.6230718938857921
Support Vector Machine,6,1206,402,803,0.782375436251578,0.6415904655856339
Random Forest,1,849,283,0,0.919811085167751,0.8904199331462835
Random Forest,2,684,228,8,0.7985389735303171,0.6933356273772524
Random Forest,3,510,201,42,0.7678597304738441,0.6806126349380295
Random Forest,4,557,196,202,0.7838911187743796,0.677800846570616
Random Forest,5,556,189,311,0.8021856032755216,0.6979489539880874
Random Forest,6,1206,402,803,0.8337200811861093,0.7198180665043207
Neural Network,1,849,283,0,0.8599932575010301,0.8144022997896393
Neural Network,2,684,228,8,0.7125846414281318,0.5708507962266878
Neural Network,3,510,201,42,0.6812217230997119,0.5636274455583976
Neural Network,4,557,196,202,0.669879586183504,0.5577438322414152
Neural Network,5,556,189,311,0.7349163098481899,0.5841511242764921
Neural Network,6,1206,402,803,0.7483632830870524,0.6364901194504344
XGBoost,1,849,283,0,0.9202761927355817,0.8890743172792636
XGBoost,2,684,228,8,0.7959468297937826,0.6896565648451721
XGBoost,3,510,201,42,0.7770210436490685,0.6929161228568953
XGBoost,4,557,196,202,0.7711996155803041,0.665112602401903
XGBoost,5,556,189,311,0.7925551086314028,0.6724556808213247
XGBoost,6,1206,402,803,0.8359415608524542,0.7277961562919356
