dl_bin,age_bin,positives,controls_available,controls_wanted,controls_taken,shortfall
0,0,0,12,0,0,0
0,1,0,17,0,0,0
0,2,0,48,0,0,0
0,3,0,21,0,0,0
0,4,1,5,2,2,0
1,0,0,1040,0,0,0
1,1,2,609,4,4,0
1,2,0,2124,0,0,0
1,3,70,2496,140,140,0
1,4,27,1294,54,54,0
2,0,6,837,12,12,0
2,1,4,311,8,8,0
2,2,2,696,4,4,0
2,3,58,1232,116,116,0
2,4,114,777,228,228,0
3,0,6,455,12,12,0
3,1,11,129,22,22,0
3,2,6,370,12,12,0
3,3,31,393,62,62,0
3,4,84,250,168,168,0
4,0,5,360,10,10,0
4,1,4,52,8,8,0
4,2,2,119,4,4,0
4,3,18,172,36,36,0
4,4,61,139,122,122,0
5,0,10,172,20,20,0
5,1,8,34,16,16,0
5,2,6,71,12,12,0
5,3,22,112,44,44,0
5,4,54,74,108,74,34
6,0,5,71,10,10,0
6,1,7,30,14,14,0
6,2,7,37,14,14,0
6,3,18,58,36,36,0
6,4,64,69,128,69,59
7,0,2,34,4,4,0
7,1,3,9,6,6,0
7,2,6,22,12,12,0
7,3,23,59,46,46,0
7,4,58,97,116,97,19
8,0,4,18,8,8,0
8,1,5,5,10,5,5
8,2,10,13,20,13,7
8,3,27,61,54,54,0
8,4,58,204,116,116,0
9,0,2,5,4,4,0
9,1,9,7,18,7,11
9,2,4,8,8,8,0
9,3,25,79,50,50,0
9,4,49,311,98,98,0
10,0,2,8,4,4,0
10,1,3,14,6,6,0
10,2,11,30,22,22,0
10,3,28,203,56,56,0
10,4,56,507,112,112,0
11,0,1,41,2,2,0
11,1,3,100,6,6,0
11,2,11,317,22,22,0
11,3,26,1333,52,52,0
11,4,51,2140,102,102,0
12,0,5,174,10,10,0
12,1,11,451,22,22,0
12,2,24,1325,48,48,0
12,3,55,3189,110,110,0
12,4,215,5325,430,430,0
