feature,importance
contains_digit,0.16752122716802542
low_download_flag,0.07894602581032951
monthly_downloads,0.07725757249110328
staleness_ratio,0.06054169771834613
has_repository,0.05871714057838072
weekly_downloads,0.05661673002873691
log_monthly_downloads,0.05472081070070176
log_weekly_downloads,0.050175420511358884
version_count,0.03217243529273825
has_homepage,0.030918228905611446
maintainer_per_version_ratio,0.026612657819215745
single_maintainer_flag,0.025132860619343833
package_age_days,0.0201719200176255
update_frequency,0.01762972535061428
has_license,0.01672360476103468
description_length,0.016500624592284838
has_github_repository,0.01494092101481939
transparency_score,0.014076807343105947
low_maintainer_flag,0.013312671679889738
readme_length,0.01138963662102006
script_count,0.010555384691891267
days_since_last_update,0.010539404783274366
has_scripts,0.009980781620303797
has_bugs_url,0.009875658943543227
latest_version_major,0.008361958301186393
download_ratio_week_month,0.00833735155046681
maintainer_count,0.00658195751535417
dependency_risk_score,0.00572800229894968
metadata_risk_score,0.0055092548111218
maintainer_to_dependency_ratio,0.00513332222563309
stale_abandoned_flag,0.004913507545637314
high_download_flag,0.004756602690573877
latest_version_minor,0.004582129067169061
maintainer_density,0.004510634494361999
name_entropy_score,0.00448892367169143
total_dependency_density,0.004159870061072814
total_dependency_count,0.003603296780624607
dependency_density,0.0035532925870610543
scope_length,0.0034923242676378414
description_missing_flag,0.003413691726212291
name_length,0.0033948439103645917
package_name_token_count,0.0031348027873947994
latest_version_patch,0.0028837441143766867
dependency_growth_proxy,0.0027082708371021064
dev_dependency_ratio,0.002553119889498149
dependency_count,0.002216842162180187
dev_dependency_count,0.0020475910373452997
readme_missing_flag,0.0017376002619170577
has_author,0.0017160043369420645
keyword_count,0.001380651626125792
no_maintainer_flag,0.0013280242991581955
has_keywords,0.0011395646011602403
contains_dash,0.0011390406864134875
has_postinstall_script,0.001004065362594492
short_name_flag,0.0009279771080110636
suspicious_script_flag,0.0006801487145978619
contains_dot,0.0005537234256068143
very_new_package_flag,0.0004499013577480325
has_lifecycle_script,0.00041088738995227113
peer_dependency_ratio,0.0003780062078259181
optional_dependency_ratio,0.0003615076972645526
contains_underscore,0.0002828664361743662
recent_update_flag,0.0002636973216430558
peer_dependency_count,0.00024713005024115366
is_scoped_package,0.00021179916726950788
has_prepublish_only_script,0.00015115240477093687
deprecated_flag,0.00012821473528161392
has_prepare_script,0.000104890531588835
has_prepublish_script,8.920861796158944e-05
has_install_script,8.502578859784659e-05
optional_dependency_count,7.430651913525203e-05
version_major_jump_flag,3.474357917995748e-05
script_uses_wget,1.8583362288278528e-05
suspicious_script_keyword_count,3.3431935098270464e-06
has_preinstall_script,2.6518207248652695e-06
script_uses_curl,0.0
script_uses_child_process,0.0
script_uses_base64,0.0
script_uses_eval,0.0
bundled_dependency_count,0.0
