,auc
staleness_ratio,0.946
contains_digit,0.924
log_monthly_downloads,0.923
monthly_downloads,0.923
has_repository,0.893
low_download_flag,0.892
log_weekly_downloads,0.884
weekly_downloads,0.884
version_count,0.879
maintainer_per_version_ratio,0.878
has_homepage,0.862
has_github_repository,0.86
transparency_score,0.859
has_bugs_url,0.852
update_frequency,0.809
package_age_days,0.807
description_length,0.783
metadata_risk_score,0.776
days_since_last_update,0.752
high_download_flag,0.748
stale_abandoned_flag,0.741
total_dependency_count,0.738
dev_dependency_count,0.738
single_maintainer_flag,0.734
latest_version_minor,0.732
description_missing_flag,0.726
low_maintainer_flag,0.717
keyword_count,0.717
maintainer_count,0.7
has_keywords,0.695
script_count,0.691
dev_dependency_ratio,0.689
maintainer_to_dependency_ratio,0.678
readme_length,0.677
latest_version_patch,0.676
latest_version_major,0.669
dependency_risk_score,0.667
recent_update_flag,0.639
dependency_count,0.635
has_author,0.62
readme_missing_flag,0.61
package_name_token_count,0.608
is_scoped_package,0.599
scope_length,0.599
dependency_density,0.589
contains_underscore,0.589
suspicious_script_flag,0.587
has_lifecycle_script,0.587
total_dependency_density,0.578
has_scripts,0.568
version_major_jump_flag,0.565
dependency_growth_proxy,0.558
peer_dependency_count,0.556
peer_dependency_ratio,0.555
has_license,0.555
maintainer_density,0.543
name_entropy_score,0.539
name_length,0.538
has_prepublish_only_script,0.529
deprecated_flag,0.528
has_prepare_script,0.528
optional_dependency_count,0.524
optional_dependency_ratio,0.524
has_prepublish_script,0.52
has_install_script,0.519
no_maintainer_flag,0.517
contains_dot,0.517
contains_dash,0.514
has_postinstall_script,0.512
download_ratio_week_month,0.508
suspicious_script_keyword_count,0.507
script_uses_eval,0.504
has_preinstall_script,0.504
very_new_package_flag,0.503
script_uses_child_process,0.501
script_uses_curl,0.501
short_name_flag,0.5
script_uses_wget,0.5
