model,dl_bin,n,vulnerable,benign_from_popular_list,roc_auc,pr_auc
Logistic Regression,1,849,283,0,0.8570153204559927,0.7727821888248423
Logistic Regression,2,684,228,11,0.720413973530317,0.5634084402696593
Logistic Regression,3,510,201,39,0.7157094784974802,0.597770072677396
Logistic Regression,4,586,196,222,0.7326792255363682,0.5635168407155394
Logistic Regression,5,564,189,328,0.7177001763668431,0.561774519820755
Logistic Regression,6,1206,402,802,0.7615498378753002,0.614720663392255
Support Vector Machine,1,849,283,0,0.8809761640175305,0.8394118395948462
Support Vector Machine,2,684,228,11,0.7715547091412743,0.6690404173755531
Support Vector Machine,3,510,201,39,0.7532483214992997,0.6607667812563207
Support Vector Machine,4,586,196,222,0.7512035583464155,0.6105006961327782
Support Vector Machine,5,564,189,328,0.766320987654321,0.6414558996651221
Support Vector Machine,6,1206,402,802,0.7807278903987526,0.6151018620190092
Random Forest,1,849,283,0,0.9447177515014547,0.9181713256176167
Random Forest,2,684,228,11,0.7940904893813483,0.6997536331552947
Random Forest,3,510,201,39,0.7642370670917257,0.6869826224044697
Random Forest,4,586,196,222,0.8134157509157509,0.695008231709798
Random Forest,5,564,189,328,0.8078447971781305,0.7046591624150628
Random Forest,6,1206,402,802,0.8248929481943515,0.7127135110319266
Neural Network,1,849,283,0,0.8810573237273533,0.8076596463803822
Neural Network,2,684,228,11,0.7209333641120343,0.5757480703878888
Neural Network,3,510,201,39,0.6907131011608624,0.5585504693653319
Neural Network,4,586,196,222,0.689848246991104,0.5499388797302539
Neural Network,5,564,189,328,0.7636543209876543,0.5820900037508413
Neural Network,6,1206,402,802,0.735767679017846,0.6214197558239192
XGBoost,1,849,283,0,0.9504363895166628,0.9231830871777427
XGBoost,2,684,228,11,0.8183479532163742,0.7200343451538691
XGBoost,3,510,201,39,0.7904329485259785,0.7126408436779241
XGBoost,4,586,196,222,0.7974489795918367,0.6704348875996308
XGBoost,5,564,189,328,0.8257354497354498,0.6966468172152415
XGBoost,6,1206,402,802,0.834790599242593,0.7280657162330174
