feature,auc_sym
package_age_days,0.5592756253635834
metadata_risk_score,0.5541866201279814
has_license,0.5505392670157068
peer_dependency_ratio,0.5410887725421757
has_bugs_url,0.5402670157068064
has_homepage,0.536610820244328
peer_dependency_count,0.5364207097149505
download_ratio_week_month,0.535318440954043
readme_length,0.5338949389179756
has_github_repository,0.5328219895287959
dev_dependency_ratio,0.5317984874927283
has_repository,0.5298586387434555
single_maintainer_flag,0.5267382198952879
low_maintainer_flag,0.5255951134380454
readme_missing_flag,0.5252303664921466
dependency_count,0.5242466550319953
maintainer_count,0.5225738219895288
has_author,0.5188708551483421
script_count,0.5168883071553229
keyword_count,0.516808493310064
maintainer_density,0.5164662012798138
has_install_script,0.5150645724258289
total_dependency_count,0.5148299011052938
has_scripts,0.5133664921465969
description_missing_flag,0.5126701570680628
dependency_risk_score,0.5115468295520652
optional_dependency_count,0.5105301919720768
optional_dependency_ratio,0.51044246655032
has_postinstall_script,0.5102722513089005
has_prepublish_script,0.5099860383944154
weekly_downloads,0.5074821407795229
log_weekly_downloads,0.5074821407795229
high_download_flag,0.5073630017452007
has_prepublish_only_script,0.5069301919720768
deprecated_flag,0.5055061082024433
has_lifecycle_script,0.505368237347295
suspicious_script_flag,0.505368237347295
maintainer_to_dependency_ratio,0.5050011634671321
dev_dependency_count,0.5048372309482257
low_download_flag,0.504825479930192
monthly_downloads,0.5044115183246073
log_monthly_downloads,0.5044115183246073
transparency_score,0.5035605584642233
very_new_package_flag,0.5027923211169285
has_keywords,0.5025497382198953
description_length,0.5018403723094823
has_preinstall_script,0.5017783595113439
no_maintainer_flag,0.5011431064572426
suspicious_script_keyword_count,0.5007143688190808
script_uses_eval,0.500588132635253
has_prepare_script,0.5004293193717277
script_uses_wget,0.500174520069808
script_uses_curl,0.5001273996509599
